{"mean ep length": 267.57142857142856, "_runtime": 740, "_timestamp": 1646349516, "_step": 1793, "median ep length": 292.0, "ep length": 449, "ep time": 449.0, "mean ep time": 267.57142857142856, "median ep time": 292.0, "_wandb": {"runtime": 741}}