{"mean ep length": 250.06060606060606, "_runtime": 683, "_timestamp": 1646345085, "_step": 1793, "median ep length": 217.0, "ep length": 229, "ep time": 229.0, "mean ep time": 250.06060606060606, "median ep time": 217.0, "_wandb": {"runtime": 683}}