{"mean ep length": 260.85897435897436, "_runtime": 117, "_timestamp": 1646864185, "_step": 287, "median ep length": 159.5, "ep length": 171, "ep time": 171.0, "mean ep time": 260.85897435897436, "median ep time": 159.5}