{"mean ep length": 340.4761904761905, "_runtime": 555, "_timestamp": 1649275615, "_step": 1793, "median ep length": 217.0, "ep length": 88, "ep time": 88.0, "mean ep time": 340.4761904761905, "median ep time": 217.0, "_wandb": {"runtime": 555}}