{"mean ep length": 329.06666666666666, "_runtime": 711, "_timestamp": 1646854973, "_step": 1793, "median ep length": 261.0, "ep length": 263, "ep time": 263.0, "mean ep time": 329.06666666666666, "median ep time": 261.0, "_wandb": {"runtime": 711}}