{"mean ep length": 459.74074074074076, "_runtime": 708, "_timestamp": 1646346513, "_step": 1793, "median ep length": 287.0, "ep length": 575, "ep time": 575.0, "mean ep time": 459.74074074074076, "median ep time": 287.0, "_wandb": {"runtime": 707}}