{"mean ep length": 283.42857142857144, "_runtime": 662, "_timestamp": 1652654568, "_step": 1799, "median ep length": 145.5, "ep length": 21, "ep time": 21.0, "mean ep time": 283.42857142857144, "median ep time": 145.5, "_wandb": {"runtime": 661}}