{"mean ep length": 346.1111111111111, "_runtime": 132, "_timestamp": 1646768392, "_step": 323, "median ep length": 242.5, "ep length": 755, "ep time": 755.0, "mean ep time": 346.1111111111111, "median ep time": 242.5}