{"mean ep length": 229.5873015873016, "_runtime": 763, "_timestamp": 1646351032, "_step": 1793, "median ep length": 146.0, "ep length": 162, "ep time": 162.0, "mean ep time": 229.5873015873016, "median ep time": 146.0, "_wandb": {"runtime": 763}}