{"mean ep length": 214.66666666666666, "_runtime": 576, "_timestamp": 1649293926, "_step": 1793, "median ep length": 190.0, "ep length": 189, "ep time": 189.0, "mean ep time": 214.66666666666666, "median ep time": 190.0, "_wandb": {"runtime": 577}}