{"mean ep length": 265.8833333333333, "_runtime": 454, "_timestamp": 1646767576, "_step": 1133, "median ep length": 179.0, "ep length": 274, "ep time": 274.0, "mean ep time": 265.8833333333333, "median ep time": 179.0}