{"mean ep length": 330.6666666666667, "_runtime": 1438, "_timestamp": 1652215686, "_step": 1799, "median ep length": 184.0, "ep length": 48, "ep time": 48.0, "mean ep time": 330.6666666666667, "median ep time": 184.0, "_wandb": {"runtime": 1436}}