{"mean ep length": 219.23333333333332, "_runtime": 686, "_timestamp": 1652646898, "_step": 1799, "median ep length": 76.5, "ep length": 39, "ep time": 39.0, "mean ep time": 219.23333333333332, "median ep time": 76.5, "_wandb": {"runtime": 684}}