{"mean ep length": 453.29411764705884, "_runtime": 346, "_timestamp": 1646767983, "_step": 881, "median ep length": 201.5, "ep length": 205, "ep time": 205.0, "mean ep time": 453.29411764705884, "median ep time": 201.5}