{"mean ep length": 265.47058823529414, "_runtime": 735, "_timestamp": 1646347253, "_step": 1793, "median ep length": 213.5, "ep length": 183, "ep time": 183.0, "mean ep time": 265.47058823529414, "median ep time": 213.5, "_wandb": {"runtime": 735}}