{"mean ep length": 382.55555555555554, "_runtime": 687, "_timestamp": 1646864061, "_step": 1793, "median ep length": 232.0, "ep length": 702, "ep time": 702.0, "mean ep time": 382.55555555555554, "median ep time": 232.0, "_wandb": {"runtime": 689}}