{"mean ep length": 155.2828282828283, "_runtime": 653, "_timestamp": 1652641761, "_step": 1799, "median ep length": 34.0, "ep length": 26, "ep time": 26.0, "mean ep time": 155.2828282828283, "median ep time": 34.0, "_wandb": {"runtime": 651}}