{"mean ep length": 164.26666666666668, "_runtime": 666, "_timestamp": 1652647567, "_step": 1799, "median ep length": 62.5, "ep length": 81, "ep time": 81.0, "mean ep time": 164.26666666666668, "median ep time": 62.5, "_wandb": {"runtime": 664}}