{"mean ep length": 299.0833333333333, "_runtime": 564, "_timestamp": 1649273909, "_step": 1793, "median ep length": 239.0, "ep length": 392, "ep time": 392.0, "mean ep time": 299.0833333333333, "median ep time": 239.0, "_wandb": {"runtime": 563}}