{"mean ep length": 110.92929292929293, "_runtime": 29, "_timestamp": 1652632189, "_step": 65, "median ep length": 27.5, "ep length": 27, "ep time": 27.0, "mean ep time": 110.92929292929293, "median ep time": 27.5}