{"mean ep length": 302.8333333333333, "_runtime": 773, "_timestamp": 1652300965, "_step": 1799, "median ep length": 257.5, "ep length": 445, "ep time": 445.0, "mean ep time": 302.8333333333333, "median ep time": 257.5, "_wandb": {"runtime": 770}}