{"mean ep length": 354.6666666666667, "_runtime": 714, "_timestamp": 1646859258, "_step": 1793, "median ep length": 275.0, "ep length": 275, "ep time": 275.0, "mean ep time": 354.6666666666667, "median ep time": 275.0, "_wandb": {"runtime": 715}}