{"mean ep length": 223.11363636363637, "_runtime": 673, "_timestamp": 1652653903, "_step": 1799, "median ep length": 109.5, "ep length": 92, "ep time": 92.0, "mean ep time": 223.11363636363637, "median ep time": 109.5, "_wandb": {"runtime": 671}}