{"mean ep length": 325.9574468085106, "_runtime": 746, "_timestamp": 1646348005, "_step": 1787, "median ep length": 221.5, "ep length": 143, "ep time": 143.0, "mean ep time": 325.9574468085106, "median ep time": 221.5, "_wandb": {"runtime": 747}}