{"mean ep length": 469.3333333333333, "_runtime": 568, "_timestamp": 1649293343, "_step": 1793, "median ep length": 449.0, "ep length": 449, "ep time": 449.0, "mean ep time": 469.3333333333333, "median ep time": 449.0, "_wandb": {"runtime": 567}}